feature,ChatGPT,Claude,Gemini
contains_bulleted_list,0.8973577235772358,0.886,0.938
contains_numbered_list,0.45121951219512196,0.187,0.444
contains_heading,0.0,0.95,0.877
contains_table,0.09349593495934959,0.34,0.359
contains_code,0.0,0.025,0.0
contains_recommendation_language,0.6585365853658537,0.642,0.672
contains_refusal_language,0.0010162601626016261,0.005,0.016
contains_uncertainty_language,0.5040650406504065,0.544,0.614
contains_numeric_claim,0.7449186991869918,0.646,0.854
